rank,uid,title,year,venue,url,problem_claimed,actual_mechanism,hidden_assumptions,variables_treated_as_fixed,failure_modes_ignored,what_it_makes_less_novel,what_it_leaves_open
1,doi:10.1186/s40648-024-00273-3,Tactile sensor-less fingertip contact detection and force estimation for stable grasping with an under-actuated hand,2024,ROBOMECH Journal,https://doi.org/10.1186/s40648-024-00273-3,Addresses tactile and force prediction or a neighboring robotics mechanism.,"Prior work usually predicts, ranks, filters, or imitates observed behavior rather than preserving unrealized branches.",The observed outcome is enough to supervise the model.,"Contact mode support, embodiment limits, and deployment perturbations.","Branch collapse, hidden-mode shift, and tail-risk planning failures.",Generic world models and generic uncertainty are crowded.,Micro slip precontact prediction keeps action-critical alternatives explicit until a physical observation collapses them.
2,doi:10.3390/robotics8040085,Tactile-Driven Grasp Stability and Slip Prediction,2019,Robotics,https://doi.org/10.3390/robotics8040085,Addresses tactile and force prediction or a neighboring robotics mechanism.,"Prior work usually predicts, ranks, filters, or imitates observed behavior rather than preserving unrealized branches.",The observed outcome is enough to supervise the model.,"Contact mode support, embodiment limits, and deployment perturbations.","Branch collapse, hidden-mode shift, and tail-risk planning failures.",Generic world models and generic uncertainty are crowded.,Micro slip precontact prediction keeps action-critical alternatives explicit until a physical observation collapses them.
3,doi:10.1109/lra.2022.3205768,A Soft Barometric Tactile Sensor to Simultaneously Localize Contact and Estimate Normal Force With Validation to Detect Slip in a Robotic Gripper,2022,IEEE Robotics and Automation Letters,https://doi.org/10.1109/lra.2022.3205768,Addresses tactile and force prediction or a neighboring robotics mechanism.,"Prior work usually predicts, ranks, filters, or imitates observed behavior rather than preserving unrealized branches.",The observed outcome is enough to supervise the model.,"Contact mode support, embodiment limits, and deployment perturbations.","Branch collapse, hidden-mode shift, and tail-risk planning failures.",Generic world models and generic uncertainty are crowded.,Micro slip precontact prediction keeps action-critical alternatives explicit until a physical observation collapses them.
4,doi:10.1109/icra46639.2022.9812186,Leveraging distributed contact force measurements for slip detection: a physics-based approach enabled by a data-driven tactile sensor,2022,2022 International Conference on Robotics and Automation (ICRA),https://doi.org/10.1109/icra46639.2022.9812186,Addresses tactile and force prediction or a neighboring robotics mechanism.,"Prior work usually predicts, ranks, filters, or imitates observed behavior rather than preserving unrealized branches.",The observed outcome is enough to supervise the model.,"Contact mode support, embodiment limits, and deployment perturbations.","Branch collapse, hidden-mode shift, and tail-risk planning failures.",Generic world models and generic uncertainty are crowded.,Micro slip precontact prediction keeps action-critical alternatives explicit until a physical observation collapses them.
5,doi:10.1016/j.engfailanal.2026.110526,Physical model of electrical contact friction for wear failure analysis and prediction of aerospace slip rings,2026,Engineering Failure Analysis,https://doi.org/10.1016/j.engfailanal.2026.110526,Addresses tactile and force prediction or a neighboring robotics mechanism.,"Prior work usually predicts, ranks, filters, or imitates observed behavior rather than preserving unrealized branches.",The observed outcome is enough to supervise the model.,"Contact mode support, embodiment limits, and deployment perturbations.","Branch collapse, hidden-mode shift, and tail-risk planning failures.",Generic world models and generic uncertainty are crowded.,Micro slip precontact prediction keeps action-critical alternatives explicit until a physical observation collapses them.
6,doi:10.1016/j.measurement.2024.114249,Friction coefficient estimation before gross slip for slippage prediction during prosthetic hand grasping,2024,Measurement,https://doi.org/10.1016/j.measurement.2024.114249,Addresses tactile and force prediction or a neighboring robotics mechanism.,"Prior work usually predicts, ranks, filters, or imitates observed behavior rather than preserving unrealized branches.",The observed outcome is enough to supervise the model.,"Contact mode support, embodiment limits, and deployment perturbations.","Branch collapse, hidden-mode shift, and tail-risk planning failures.",Generic world models and generic uncertainty are crowded.,Micro slip precontact prediction keeps action-critical alternatives explicit until a physical observation collapses them.
7,doi:10.1109/tim.2023.3343795,A Nonarray Soft Capacitive Tactile Sensor With Simultaneous Contact Force and Location Measurement for Intelligent Robotic Grippers,2023,IEEE Transactions on Instrumentation and Measurement,https://doi.org/10.1109/tim.2023.3343795,Addresses tactile and force prediction or a neighboring robotics mechanism.,"Prior work usually predicts, ranks, filters, or imitates observed behavior rather than preserving unrealized branches.",The observed outcome is enough to supervise the model.,"Contact mode support, embodiment limits, and deployment perturbations.","Branch collapse, hidden-mode shift, and tail-risk planning failures.",Generic world models and generic uncertainty are crowded.,Micro slip precontact prediction keeps action-critical alternatives explicit until a physical observation collapses them.
8,doi:10.36227/techrxiv.22145723,A Novel Incipient Slip Degree Evaluation Method and its Application in Adaptive Control of Grasping Force,,,https://doi.org/10.36227/techrxiv.22145723,Addresses tactile and force prediction or a neighboring robotics mechanism.,"Prior work usually predicts, ranks, filters, or imitates observed behavior rather than preserving unrealized branches.",The observed outcome is enough to supervise the model.,"Contact mode support, embodiment limits, and deployment perturbations.","Branch collapse, hidden-mode shift, and tail-risk planning failures.",Generic world models and generic uncertainty are crowded.,Micro slip precontact prediction keeps action-critical alternatives explicit until a physical observation collapses them.
9,doi:10.1089/soro.2020.0213,Sim-to-Real for High-Resolution Optical Tactile Sensing: From Images to Three-Dimensional Contact Force Distributions,2022,Soft Robotics,https://doi.org/10.1089/soro.2020.0213,Addresses tactile and force prediction or a neighboring robotics mechanism.,"Prior work usually predicts, ranks, filters, or imitates observed behavior rather than preserving unrealized branches.",The observed outcome is enough to supervise the model.,"Contact mode support, embodiment limits, and deployment perturbations.","Branch collapse, hidden-mode shift, and tail-risk planning failures.",Generic world models and generic uncertainty are crowded.,Micro slip precontact prediction keeps action-critical alternatives explicit until a physical observation collapses them.
10,doi:10.1002/aisy.202100047,Interactive Force Control Based on Multimodal Robot Skin for Physical Human−Robot Collaboration,2022,Advanced Intelligent Systems,https://doi.org/10.1002/aisy.202100047,Addresses tactile and force prediction or a neighboring robotics mechanism.,"Prior work usually predicts, ranks, filters, or imitates observed behavior rather than preserving unrealized branches.",The observed outcome is enough to supervise the model.,"Contact mode support, embodiment limits, and deployment perturbations.","Branch collapse, hidden-mode shift, and tail-risk planning failures.",Generic world models and generic uncertainty are crowded.,Micro slip precontact prediction keeps action-critical alternatives explicit until a physical observation collapses them.
11,doi:10.1299/jsmermd.2005.68_2,"1P1-N-102 Thermal Tactile Presentation Based on Prediction of Contact Surface Temperature : On-Site Parameters Identification of Individual Finger(Tactile and Force Sense 2,Mega-Integration in Robotics and Mechatronics to Assist Our Daily Lives)",2005,The Proceedings of JSME annual Conference on Robotics and Mechatronics (Robomec),https://doi.org/10.1299/jsmermd.2005.68_2,Addresses tactile and force prediction or a neighboring robotics mechanism.,"Prior work usually predicts, ranks, filters, or imitates observed behavior rather than preserving unrealized branches.",The observed outcome is enough to supervise the model.,"Contact mode support, embodiment limits, and deployment perturbations.","Branch collapse, hidden-mode shift, and tail-risk planning failures.",Generic world models and generic uncertainty are crowded.,Micro slip precontact prediction keeps action-critical alternatives explicit until a physical observation collapses them.
12,doi:10.36227/techrxiv.22145723.v1,A Novel Incipient Slip Degree Evaluation Method and its Application in Adaptive Control of Grasping Force,,,https://doi.org/10.36227/techrxiv.22145723.v1,Addresses tactile and force prediction or a neighboring robotics mechanism.,"Prior work usually predicts, ranks, filters, or imitates observed behavior rather than preserving unrealized branches.",The observed outcome is enough to supervise the model.,"Contact mode support, embodiment limits, and deployment perturbations.","Branch collapse, hidden-mode shift, and tail-risk planning failures.",Generic world models and generic uncertainty are crowded.,Micro slip precontact prediction keeps action-critical alternatives explicit until a physical observation collapses them.
13,doi:10.1109/icra.2013.6630959,Automated stable grasping with two-fingered microhand using micro force sensor,2013,2013 IEEE International Conference on Robotics and Automation,https://doi.org/10.1109/icra.2013.6630959,Addresses tactile and force prediction or a neighboring robotics mechanism.,"Prior work usually predicts, ranks, filters, or imitates observed behavior rather than preserving unrealized branches.",The observed outcome is enough to supervise the model.,"Contact mode support, embodiment limits, and deployment perturbations.","Branch collapse, hidden-mode shift, and tail-risk planning failures.",Generic world models and generic uncertainty are crowded.,Micro slip precontact prediction keeps action-critical alternatives explicit until a physical observation collapses them.
14,doi:10.3390/s17122762,GelSight: High-Resolution Robot Tactile Sensors for Estimating Geometry and Force,2017,Sensors,https://doi.org/10.3390/s17122762,Addresses tactile and force prediction or a neighboring robotics mechanism.,"Prior work usually predicts, ranks, filters, or imitates observed behavior rather than preserving unrealized branches.",The observed outcome is enough to supervise the model.,"Contact mode support, embodiment limits, and deployment perturbations.","Branch collapse, hidden-mode shift, and tail-risk planning failures.",Generic world models and generic uncertainty are crowded.,Micro slip precontact prediction keeps action-critical alternatives explicit until a physical observation collapses them.
15,doi:10.3390/s20041050,Grasping Force Control of Multi-Fingered Robotic Hands through Tactile Sensing for Object Stabilization,2020,Sensors,https://doi.org/10.3390/s20041050,Addresses tactile and force prediction or a neighboring robotics mechanism.,"Prior work usually predicts, ranks, filters, or imitates observed behavior rather than preserving unrealized branches.",The observed outcome is enough to supervise the model.,"Contact mode support, embodiment limits, and deployment perturbations.","Branch collapse, hidden-mode shift, and tail-risk planning failures.",Generic world models and generic uncertainty are crowded.,Micro slip precontact prediction keeps action-critical alternatives explicit until a physical observation collapses them.
16,doi:10.1017/s0950268825100319,Personalized risk score prediction and testing policy adaptations of a COVID-19 population-based contact tracing network,2025,Epidemiology and Infection,https://doi.org/10.1017/s0950268825100319,Addresses tactile and force prediction or a neighboring robotics mechanism.,"Prior work usually predicts, ranks, filters, or imitates observed behavior rather than preserving unrealized branches.",The observed outcome is enough to supervise the model.,"Contact mode support, embodiment limits, and deployment perturbations.","Branch collapse, hidden-mode shift, and tail-risk planning failures.",Generic world models and generic uncertainty are crowded.,Micro slip precontact prediction keeps action-critical alternatives explicit until a physical observation collapses them.
17,doi:10.55677/ijhrsss/04-2025-vol02i4,A Student Dropout Risk Prediction Model Based on Supervised Learning Techniques and Large Language Models (LLMs),2025,International Journal of Human Research and Social Science Studies,https://doi.org/10.55677/ijhrsss/04-2025-vol02i4,Addresses tactile and force prediction or a neighboring robotics mechanism.,"Prior work usually predicts, ranks, filters, or imitates observed behavior rather than preserving unrealized branches.",The observed outcome is enough to supervise the model.,"Contact mode support, embodiment limits, and deployment perturbations.","Branch collapse, hidden-mode shift, and tail-risk planning failures.",Generic world models and generic uncertainty are crowded.,Micro slip precontact prediction keeps action-critical alternatives explicit until a physical observation collapses them.
18,doi:10.1115/detc2010-28750,Evaluation of Contact Force and Elastic Foundation Models for Wear Analysis of Multibody Systems,2010,"Volume 2: 34th Annual Mechanisms and Robotics Conference, Parts A and B",https://doi.org/10.1115/detc2010-28750,Addresses tactile and force prediction or a neighboring robotics mechanism.,"Prior work usually predicts, ranks, filters, or imitates observed behavior rather than preserving unrealized branches.",The observed outcome is enough to supervise the model.,"Contact mode support, embodiment limits, and deployment perturbations.","Branch collapse, hidden-mode shift, and tail-risk planning failures.",Generic world models and generic uncertainty are crowded.,Micro slip precontact prediction keeps action-critical alternatives explicit until a physical observation collapses them.
19,doi:10.1126/scirobotics.adq5046,Forces for free: Vision-based contact force estimation with a compliant hand,2025,Science Robotics,https://doi.org/10.1126/scirobotics.adq5046,Addresses tactile and force prediction or a neighboring robotics mechanism.,"Prior work usually predicts, ranks, filters, or imitates observed behavior rather than preserving unrealized branches.",The observed outcome is enough to supervise the model.,"Contact mode support, embodiment limits, and deployment perturbations.","Branch collapse, hidden-mode shift, and tail-risk planning failures.",Generic world models and generic uncertainty are crowded.,Micro slip precontact prediction keeps action-critical alternatives explicit until a physical observation collapses them.
20,doi:10.1080/00207543.2022.2164628,"Federated machine learning for privacy preserving, collective supply chain risk prediction",2023,International Journal of Production Research,https://doi.org/10.1080/00207543.2022.2164628,Addresses tactile and force prediction or a neighboring robotics mechanism.,"Prior work usually predicts, ranks, filters, or imitates observed behavior rather than preserving unrealized branches.",The observed outcome is enough to supervise the model.,"Contact mode support, embodiment limits, and deployment perturbations.","Branch collapse, hidden-mode shift, and tail-risk planning failures.",Generic world models and generic uncertainty are crowded.,Micro slip precontact prediction keeps action-critical alternatives explicit until a physical observation collapses them.
21,doi:10.1109/icsens.2009.5398198,Vertical contact position detection and grasping force monitoring for micro-gripper applications,2009,2009 IEEE Sensors,https://doi.org/10.1109/icsens.2009.5398198,Addresses tactile and force prediction or a neighboring robotics mechanism.,"Prior work usually predicts, ranks, filters, or imitates observed behavior rather than preserving unrealized branches.",The observed outcome is enough to supervise the model.,"Contact mode support, embodiment limits, and deployment perturbations.","Branch collapse, hidden-mode shift, and tail-risk planning failures.",Generic world models and generic uncertainty are crowded.,Micro slip precontact prediction keeps action-critical alternatives explicit until a physical observation collapses them.
22,doi:10.1109/tencon.2008.4766846,Grasping force estimation detecting slip by tactile sensor adopting machine learning techniques,2008,TENCON 2008 - 2008 IEEE Region 10 Conference,https://doi.org/10.1109/tencon.2008.4766846,Addresses tactile and force prediction or a neighboring robotics mechanism.,"Prior work usually predicts, ranks, filters, or imitates observed behavior rather than preserving unrealized branches.",The observed outcome is enough to supervise the model.,"Contact mode support, embodiment limits, and deployment perturbations.","Branch collapse, hidden-mode shift, and tail-risk planning failures.",Generic world models and generic uncertainty are crowded.,Micro slip precontact prediction keeps action-critical alternatives explicit until a physical observation collapses them.
23,doi:10.1108/ir-01-2025-0033,Research on robot force control based on RBF neural network stiffness prediction and reinforcement learning,2025,Industrial Robot: the international journal of robotics research and application,https://doi.org/10.1108/ir-01-2025-0033,Addresses tactile and force prediction or a neighboring robotics mechanism.,"Prior work usually predicts, ranks, filters, or imitates observed behavior rather than preserving unrealized branches.",The observed outcome is enough to supervise the model.,"Contact mode support, embodiment limits, and deployment perturbations.","Branch collapse, hidden-mode shift, and tail-risk planning failures.",Generic world models and generic uncertainty are crowded.,Micro slip precontact prediction keeps action-critical alternatives explicit until a physical observation collapses them.
24,doi:10.3390/mi15121513,A High-Repeatability Three-Dimensional Force Tactile Sensing System for Robotic Dexterous Grasping and Object Recognition,2024,Micromachines,https://doi.org/10.3390/mi15121513,Addresses tactile and force prediction or a neighboring robotics mechanism.,"Prior work usually predicts, ranks, filters, or imitates observed behavior rather than preserving unrealized branches.",The observed outcome is enough to supervise the model.,"Contact mode support, embodiment limits, and deployment perturbations.","Branch collapse, hidden-mode shift, and tail-risk planning failures.",Generic world models and generic uncertainty are crowded.,Micro slip precontact prediction keeps action-critical alternatives explicit until a physical observation collapses them.
25,arxiv:1910.03973v1,Towards Learning to Detect and Predict Contact Events on Vision-based Tactile Sensors,2019,arXiv,http://arxiv.org/abs/1910.03973v1,Addresses tactile and force prediction or a neighboring robotics mechanism.,"Prior work usually predicts, ranks, filters, or imitates observed behavior rather than preserving unrealized branches.",The observed outcome is enough to supervise the model.,"Contact mode support, embodiment limits, and deployment perturbations.","Branch collapse, hidden-mode shift, and tail-risk planning failures.",Generic world models and generic uncertainty are crowded.,Micro slip precontact prediction keeps action-critical alternatives explicit until a physical observation collapses them.
26,doi:10.1089/soro.2018.0172,A Machine-Learning-Based Approach to Solve Both Contact Location and Force in Soft Material Tactile Sensors,2020,Soft Robotics,https://doi.org/10.1089/soro.2018.0172,Addresses tactile and force prediction or a neighboring robotics mechanism.,"Prior work usually predicts, ranks, filters, or imitates observed behavior rather than preserving unrealized branches.",The observed outcome is enough to supervise the model.,"Contact mode support, embodiment limits, and deployment perturbations.","Branch collapse, hidden-mode shift, and tail-risk planning failures.",Generic world models and generic uncertainty are crowded.,Micro slip precontact prediction keeps action-critical alternatives explicit until a physical observation collapses them.
27,doi:10.1109/icra46639.2022.9811832,"GelSlim 3.0: High-Resolution Measurement of Shape, Force and Slip in a Compact Tactile-Sensing Finger",2022,2022 International Conference on Robotics and Automation (ICRA),https://doi.org/10.1109/icra46639.2022.9811832,Addresses tactile and force prediction or a neighboring robotics mechanism.,"Prior work usually predicts, ranks, filters, or imitates observed behavior rather than preserving unrealized branches.",The observed outcome is enough to supervise the model.,"Contact mode support, embodiment limits, and deployment perturbations.","Branch collapse, hidden-mode shift, and tail-risk planning failures.",Generic world models and generic uncertainty are crowded.,Micro slip precontact prediction keeps action-critical alternatives explicit until a physical observation collapses them.
28,doi:10.3390/s23094433,Slip Detection Strategies for Automatic Grasping in Prosthetic Hands,2023,Sensors,https://doi.org/10.3390/s23094433,Addresses tactile and force prediction or a neighboring robotics mechanism.,"Prior work usually predicts, ranks, filters, or imitates observed behavior rather than preserving unrealized branches.",The observed outcome is enough to supervise the model.,"Contact mode support, embodiment limits, and deployment perturbations.","Branch collapse, hidden-mode shift, and tail-risk planning failures.",Generic world models and generic uncertainty are crowded.,Micro slip precontact prediction keeps action-critical alternatives explicit until a physical observation collapses them.
29,arxiv:2512.23864v3,Learning to Feel the Future: DreamTacVLA for Contact-Rich Manipulation,2025,arXiv,http://arxiv.org/abs/2512.23864v3,Addresses tactile and force prediction or a neighboring robotics mechanism.,"Prior work usually predicts, ranks, filters, or imitates observed behavior rather than preserving unrealized branches.",The observed outcome is enough to supervise the model.,"Contact mode support, embodiment limits, and deployment perturbations.","Branch collapse, hidden-mode shift, and tail-risk planning failures.",Generic world models and generic uncertainty are crowded.,Micro slip precontact prediction keeps action-critical alternatives explicit until a physical observation collapses them.
30,arxiv:2504.19341v1,PolyTouch: A Robust Multi-Modal Tactile Sensor for Contact-rich Manipulation Using Tactile-Diffusion Policies,2025,arXiv,http://arxiv.org/abs/2504.19341v1,Addresses tactile and force prediction or a neighboring robotics mechanism.,"Prior work usually predicts, ranks, filters, or imitates observed behavior rather than preserving unrealized branches.",The observed outcome is enough to supervise the model.,"Contact mode support, embodiment limits, and deployment perturbations.","Branch collapse, hidden-mode shift, and tail-risk planning failures.",Generic world models and generic uncertainty are crowded.,Micro slip precontact prediction keeps action-critical alternatives explicit until a physical observation collapses them.
31,doi:10.1155/2010/581840,Prediction Control for Brachytherapy Robotic System,2010,Journal of Robotics,https://doi.org/10.1155/2010/581840,Addresses tactile and force prediction or a neighboring robotics mechanism.,"Prior work usually predicts, ranks, filters, or imitates observed behavior rather than preserving unrealized branches.",The observed outcome is enough to supervise the model.,"Contact mode support, embodiment limits, and deployment perturbations.","Branch collapse, hidden-mode shift, and tail-risk planning failures.",Generic world models and generic uncertainty are crowded.,Micro slip precontact prediction keeps action-critical alternatives explicit until a physical observation collapses them.
32,arxiv:2509.15876v1,High-Bandwidth Tactile-Reactive Control for Grasp Adjustment,2025,arXiv,http://arxiv.org/abs/2509.15876v1,Addresses tactile and force prediction or a neighboring robotics mechanism.,"Prior work usually predicts, ranks, filters, or imitates observed behavior rather than preserving unrealized branches.",The observed outcome is enough to supervise the model.,"Contact mode support, embodiment limits, and deployment perturbations.","Branch collapse, hidden-mode shift, and tail-risk planning failures.",Generic world models and generic uncertainty are crowded.,Micro slip precontact prediction keeps action-critical alternatives explicit until a physical observation collapses them.
33,doi:10.3390/s19224925,Magnetic-based Soft Tactile Sensors with Deformable Continuous Force Transfer Medium for Resolving Contact Locations in Robotic Grasping and Manipulation,2019,Sensors,https://doi.org/10.3390/s19224925,Addresses tactile and force prediction or a neighboring robotics mechanism.,"Prior work usually predicts, ranks, filters, or imitates observed behavior rather than preserving unrealized branches.",The observed outcome is enough to supervise the model.,"Contact mode support, embodiment limits, and deployment perturbations.","Branch collapse, hidden-mode shift, and tail-risk planning failures.",Generic world models and generic uncertainty are crowded.,Micro slip precontact prediction keeps action-critical alternatives explicit until a physical observation collapses them.
34,doi:10.1002/rcs.2325,SuP‐Ring: A pneumatic tactile display with substitutional representation of contact force components using normal indentation,2021,The International Journal of Medical Robotics and Computer Assisted Surgery,https://doi.org/10.1002/rcs.2325,Addresses tactile and force prediction or a neighboring robotics mechanism.,"Prior work usually predicts, ranks, filters, or imitates observed behavior rather than preserving unrealized branches.",The observed outcome is enough to supervise the model.,"Contact mode support, embodiment limits, and deployment perturbations.","Branch collapse, hidden-mode shift, and tail-risk planning failures.",Generic world models and generic uncertainty are crowded.,Micro slip precontact prediction keeps action-critical alternatives explicit until a physical observation collapses them.
35,doi:10.1049/csy2.70036,Slip Detection and Stable Grasping With Multi‐Fingered Robotic Hand Using Deep Learning Approach,2025,IET Cyber-Systems and Robotics,https://doi.org/10.1049/csy2.70036,Addresses tactile and force prediction or a neighboring robotics mechanism.,"Prior work usually predicts, ranks, filters, or imitates observed behavior rather than preserving unrealized branches.",The observed outcome is enough to supervise the model.,"Contact mode support, embodiment limits, and deployment perturbations.","Branch collapse, hidden-mode shift, and tail-risk planning failures.",Generic world models and generic uncertainty are crowded.,Micro slip precontact prediction keeps action-critical alternatives explicit until a physical observation collapses them.
36,arxiv:2205.09430v2,Action Conditioned Tactile Prediction: case study on slip prediction,2022,arXiv,http://arxiv.org/abs/2205.09430v2,Addresses tactile and force prediction or a neighboring robotics mechanism.,"Prior work usually predicts, ranks, filters, or imitates observed behavior rather than preserving unrealized branches.",The observed outcome is enough to supervise the model.,"Contact mode support, embodiment limits, and deployment perturbations.","Branch collapse, hidden-mode shift, and tail-risk planning failures.",Generic world models and generic uncertainty are crowded.,Micro slip precontact prediction keeps action-critical alternatives explicit until a physical observation collapses them.
37,doi:10.36948/ijfmr.2026.v08i03.79040,Hepatocellular Carcinoma Prediction using Large Language Model and Meditron,2026,International Journal For Multidisciplinary Research,https://doi.org/10.36948/ijfmr.2026.v08i03.79040,Addresses tactile and force prediction or a neighboring robotics mechanism.,"Prior work usually predicts, ranks, filters, or imitates observed behavior rather than preserving unrealized branches.",The observed outcome is enough to supervise the model.,"Contact mode support, embodiment limits, and deployment perturbations.","Branch collapse, hidden-mode shift, and tail-risk planning failures.",Generic world models and generic uncertainty are crowded.,Micro slip precontact prediction keeps action-critical alternatives explicit until a physical observation collapses them.
38,doi:10.1007/s40820-019-0288-7,Flexible Tactile Electronic Skin Sensor with 3D Force Detection Based on Porous CNTs/PDMS Nanocomposites,2019,Nano-Micro Letters,https://doi.org/10.1007/s40820-019-0288-7,Addresses tactile and force prediction or a neighboring robotics mechanism.,"Prior work usually predicts, ranks, filters, or imitates observed behavior rather than preserving unrealized branches.",The observed outcome is enough to supervise the model.,"Contact mode support, embodiment limits, and deployment perturbations.","Branch collapse, hidden-mode shift, and tail-risk planning failures.",Generic world models and generic uncertainty are crowded.,Micro slip precontact prediction keeps action-critical alternatives explicit until a physical observation collapses them.
39,doi:10.15680/ijarety.2025.1104003,AI-Powered Predict-Before-Break: Sequence-to-Set Transformer for EarlyWarning Signals in Automotive Telemetry,2024,International Journal of Advanced Research in Education and TechnologY,https://doi.org/10.15680/ijarety.2025.1104003,Addresses tactile and force prediction or a neighboring robotics mechanism.,"Prior work usually predicts, ranks, filters, or imitates observed behavior rather than preserving unrealized branches.",The observed outcome is enough to supervise the model.,"Contact mode support, embodiment limits, and deployment perturbations.","Branch collapse, hidden-mode shift, and tail-risk planning failures.",Generic world models and generic uncertainty are crowded.,Micro slip precontact prediction keeps action-critical alternatives explicit until a physical observation collapses them.
40,doi:10.1109/lra.2024.3387111,BioTacTip: A Soft Biomimetic Optical Tactile Sensor for Efficient 3D Contact Localization and 3D Force Estimation,2024,IEEE Robotics and Automation Letters,https://doi.org/10.1109/lra.2024.3387111,Addresses tactile and force prediction or a neighboring robotics mechanism.,"Prior work usually predicts, ranks, filters, or imitates observed behavior rather than preserving unrealized branches.",The observed outcome is enough to supervise the model.,"Contact mode support, embodiment limits, and deployment perturbations.","Branch collapse, hidden-mode shift, and tail-risk planning failures.",Generic world models and generic uncertainty are crowded.,Micro slip precontact prediction keeps action-critical alternatives explicit until a physical observation collapses them.
41,doi:10.3390/machines9060119,Robot Grasping System and Grasp Stability Prediction Based on Flexible Tactile Sensor Array,2021,Machines,https://doi.org/10.3390/machines9060119,Addresses tactile and force prediction or a neighboring robotics mechanism.,"Prior work usually predicts, ranks, filters, or imitates observed behavior rather than preserving unrealized branches.",The observed outcome is enough to supervise the model.,"Contact mode support, embodiment limits, and deployment perturbations.","Branch collapse, hidden-mode shift, and tail-risk planning failures.",Generic world models and generic uncertainty are crowded.,Micro slip precontact prediction keeps action-critical alternatives explicit until a physical observation collapses them.
42,doi:10.3390/s18020326,Grasping Force Control for a Robotic Hand by Slip Detection Using Developed Micro Laser Doppler Velocimeter,2018,Sensors,https://doi.org/10.3390/s18020326,Addresses tactile and force prediction or a neighboring robotics mechanism.,"Prior work usually predicts, ranks, filters, or imitates observed behavior rather than preserving unrealized branches.",The observed outcome is enough to supervise the model.,"Contact mode support, embodiment limits, and deployment perturbations.","Branch collapse, hidden-mode shift, and tail-risk planning failures.",Generic world models and generic uncertainty are crowded.,Micro slip precontact prediction keeps action-critical alternatives explicit until a physical observation collapses them.
43,doi:10.1016/j.ejcts.2006.01.014,Carbon monoxide lung diffusion capacity improves risk stratification in patients without airflow limitation: evidence for systematic measurement before lung resection,2006,European Journal of Cardio-Thoracic Surgery,https://doi.org/10.1016/j.ejcts.2006.01.014,Addresses tactile and force prediction or a neighboring robotics mechanism.,"Prior work usually predicts, ranks, filters, or imitates observed behavior rather than preserving unrealized branches.",The observed outcome is enough to supervise the model.,"Contact mode support, embodiment limits, and deployment perturbations.","Branch collapse, hidden-mode shift, and tail-risk planning failures.",Generic world models and generic uncertainty are crowded.,Micro slip precontact prediction keeps action-critical alternatives explicit until a physical observation collapses them.
44,doi:10.1016/j.cej.2023.146279,Optical and electrical dual-mode tactile sensor with interlinked interfaces recording normal force and slip for closed-loop robotics,2023,Chemical Engineering Journal,https://doi.org/10.1016/j.cej.2023.146279,Addresses tactile and force prediction or a neighboring robotics mechanism.,"Prior work usually predicts, ranks, filters, or imitates observed behavior rather than preserving unrealized branches.",The observed outcome is enough to supervise the model.,"Contact mode support, embodiment limits, and deployment perturbations.","Branch collapse, hidden-mode shift, and tail-risk planning failures.",Generic world models and generic uncertainty are crowded.,Micro slip precontact prediction keeps action-critical alternatives explicit until a physical observation collapses them.
45,doi:10.1177/02783649241249194,Unified force-impedance control,2024,The International Journal of Robotics Research,https://doi.org/10.1177/02783649241249194,Addresses tactile and force prediction or a neighboring robotics mechanism.,"Prior work usually predicts, ranks, filters, or imitates observed behavior rather than preserving unrealized branches.",The observed outcome is enough to supervise the model.,"Contact mode support, embodiment limits, and deployment perturbations.","Branch collapse, hidden-mode shift, and tail-risk planning failures.",Generic world models and generic uncertainty are crowded.,Micro slip precontact prediction keeps action-critical alternatives explicit until a physical observation collapses them.
46,doi:10.1101/2023.05.16.23290068,A comparison between a Random Forest model and the Kidney Failure Risk Equation to predict progression to kidney failure,,,https://doi.org/10.1101/2023.05.16.23290068,Addresses tactile and force prediction or a neighboring robotics mechanism.,"Prior work usually predicts, ranks, filters, or imitates observed behavior rather than preserving unrealized branches.",The observed outcome is enough to supervise the model.,"Contact mode support, embodiment limits, and deployment perturbations.","Branch collapse, hidden-mode shift, and tail-risk planning failures.",Generic world models and generic uncertainty are crowded.,Micro slip precontact prediction keeps action-critical alternatives explicit until a physical observation collapses them.
47,doi:10.1109/robot.1996.509203,A full tactile sensing suite for dextrous robot hands and use in contact force control,2002,,https://doi.org/10.1109/robot.1996.509203,Addresses tactile and force prediction or a neighboring robotics mechanism.,"Prior work usually predicts, ranks, filters, or imitates observed behavior rather than preserving unrealized branches.",The observed outcome is enough to supervise the model.,"Contact mode support, embodiment limits, and deployment perturbations.","Branch collapse, hidden-mode shift, and tail-risk planning failures.",Generic world models and generic uncertainty are crowded.,Micro slip precontact prediction keeps action-critical alternatives explicit until a physical observation collapses them.
48,arxiv:2606.11184v1,TacForeSight: Force-Guided Tactile World Model for Contact-Rich Manipulation,2026,arXiv,http://arxiv.org/abs/2606.11184v1,Addresses tactile and force prediction or a neighboring robotics mechanism.,"Prior work usually predicts, ranks, filters, or imitates observed behavior rather than preserving unrealized branches.",The observed outcome is enough to supervise the model.,"Contact mode support, embodiment limits, and deployment perturbations.","Branch collapse, hidden-mode shift, and tail-risk planning failures.",Generic world models and generic uncertainty are crowded.,Micro slip precontact prediction keeps action-critical alternatives explicit until a physical observation collapses them.
49,doi:10.1109/tro.2024.3502197,iFEM2.0: Dense 3-D Contact Force Field Reconstruction and Assessment for Vision-Based Tactile Sensors,2025,IEEE Transactions on Robotics,https://doi.org/10.1109/tro.2024.3502197,Addresses tactile and force prediction or a neighboring robotics mechanism.,"Prior work usually predicts, ranks, filters, or imitates observed behavior rather than preserving unrealized branches.",The observed outcome is enough to supervise the model.,"Contact mode support, embodiment limits, and deployment perturbations.","Branch collapse, hidden-mode shift, and tail-risk planning failures.",Generic world models and generic uncertainty are crowded.,Micro slip precontact prediction keeps action-critical alternatives explicit until a physical observation collapses them.
50,doi:10.1016/j.ijcard.2019.03.013,"Risk prediction model for long-term heart failure incidence after epirubicin chemotherapy for breast cancer – A real-world data-based, nationwide classification analysis",2019,International Journal of Cardiology,https://doi.org/10.1016/j.ijcard.2019.03.013,Addresses tactile and force prediction or a neighboring robotics mechanism.,"Prior work usually predicts, ranks, filters, or imitates observed behavior rather than preserving unrealized branches.",The observed outcome is enough to supervise the model.,"Contact mode support, embodiment limits, and deployment perturbations.","Branch collapse, hidden-mode shift, and tail-risk planning failures.",Generic world models and generic uncertainty are crowded.,Micro slip precontact prediction keeps action-critical alternatives explicit until a physical observation collapses them.
51,doi:10.3390/app13063886,Repulsive Force for Micro- and Nano-Non-Contact Manipulation,2023,Applied Sciences,https://doi.org/10.3390/app13063886,Addresses tactile and force prediction or a neighboring robotics mechanism.,"Prior work usually predicts, ranks, filters, or imitates observed behavior rather than preserving unrealized branches.",The observed outcome is enough to supervise the model.,"Contact mode support, embodiment limits, and deployment perturbations.","Branch collapse, hidden-mode shift, and tail-risk planning failures.",Generic world models and generic uncertainty are crowded.,Micro slip precontact prediction keeps action-critical alternatives explicit until a physical observation collapses them.
52,doi:10.3390/s20174724,Neuromorphic Vision Based Contact-Level Classification in Robotic Grasping Applications,2020,Sensors,https://doi.org/10.3390/s20174724,Addresses tactile and force prediction or a neighboring robotics mechanism.,"Prior work usually predicts, ranks, filters, or imitates observed behavior rather than preserving unrealized branches.",The observed outcome is enough to supervise the model.,"Contact mode support, embodiment limits, and deployment perturbations.","Branch collapse, hidden-mode shift, and tail-risk planning failures.",Generic world models and generic uncertainty are crowded.,Micro slip precontact prediction keeps action-critical alternatives explicit until a physical observation collapses them.
53,doi:10.1002/rcs.2491,Virtual‐force‐guided intraoperative ultrasound scanning with online lesion location prediction: A phantom study,2023,The International Journal of Medical Robotics and Computer Assisted Surgery,https://doi.org/10.1002/rcs.2491,Addresses tactile and force prediction or a neighboring robotics mechanism.,"Prior work usually predicts, ranks, filters, or imitates observed behavior rather than preserving unrealized branches.",The observed outcome is enough to supervise the model.,"Contact mode support, embodiment limits, and deployment perturbations.","Branch collapse, hidden-mode shift, and tail-risk planning failures.",Generic world models and generic uncertainty are crowded.,Micro slip precontact prediction keeps action-critical alternatives explicit until a physical observation collapses them.
54,doi:10.3390/s19040966,Design and Calibration of a Force/Tactile Sensor for Dexterous Manipulation,2019,Sensors,https://doi.org/10.3390/s19040966,Addresses tactile and force prediction or a neighboring robotics mechanism.,"Prior work usually predicts, ranks, filters, or imitates observed behavior rather than preserving unrealized branches.",The observed outcome is enough to supervise the model.,"Contact mode support, embodiment limits, and deployment perturbations.","Branch collapse, hidden-mode shift, and tail-risk planning failures.",Generic world models and generic uncertainty are crowded.,Micro slip precontact prediction keeps action-critical alternatives explicit until a physical observation collapses them.
55,doi:10.3389/frobt.2026.1735467,Calibration-free per-finger force-feedback slip control for grasping by anthropomorphic hand with tri-axial tactile sensors,2026,Frontiers in Robotics and AI,https://doi.org/10.3389/frobt.2026.1735467,Addresses tactile and force prediction or a neighboring robotics mechanism.,"Prior work usually predicts, ranks, filters, or imitates observed behavior rather than preserving unrealized branches.",The observed outcome is enough to supervise the model.,"Contact mode support, embodiment limits, and deployment perturbations.","Branch collapse, hidden-mode shift, and tail-risk planning failures.",Generic world models and generic uncertainty are crowded.,Micro slip precontact prediction keeps action-critical alternatives explicit until a physical observation collapses them.
56,doi:10.64898/2026.02.27.708323,Evaluation of deep learning tools for chromatin contact prediction,,,https://doi.org/10.64898/2026.02.27.708323,Addresses tactile and force prediction or a neighboring robotics mechanism.,"Prior work usually predicts, ranks, filters, or imitates observed behavior rather than preserving unrealized branches.",The observed outcome is enough to supervise the model.,"Contact mode support, embodiment limits, and deployment perturbations.","Branch collapse, hidden-mode shift, and tail-risk planning failures.",Generic world models and generic uncertainty are crowded.,Micro slip precontact prediction keeps action-critical alternatives explicit until a physical observation collapses them.
57,doi:10.1109/icra55743.2025.11127381,TransForce: Transferable Force Prediction for Vision-Based Tactile Sensors with Sequential Image Translation,2025,2025 IEEE International Conference on Robotics and Automation (ICRA),https://doi.org/10.1109/icra55743.2025.11127381,Addresses tactile and force prediction or a neighboring robotics mechanism.,"Prior work usually predicts, ranks, filters, or imitates observed behavior rather than preserving unrealized branches.",The observed outcome is enough to supervise the model.,"Contact mode support, embodiment limits, and deployment perturbations.","Branch collapse, hidden-mode shift, and tail-risk planning failures.",Generic world models and generic uncertainty are crowded.,Micro slip precontact prediction keeps action-critical alternatives explicit until a physical observation collapses them.
58,doi:10.64898/2026.03.05.26347766,Thyroid Cancer Risk Prediction from Multimodal Datasets Using Large Language Model,,,https://doi.org/10.64898/2026.03.05.26347766,Addresses tactile and force prediction or a neighboring robotics mechanism.,"Prior work usually predicts, ranks, filters, or imitates observed behavior rather than preserving unrealized branches.",The observed outcome is enough to supervise the model.,"Contact mode support, embodiment limits, and deployment perturbations.","Branch collapse, hidden-mode shift, and tail-risk planning failures.",Generic world models and generic uncertainty are crowded.,Micro slip precontact prediction keeps action-critical alternatives explicit until a physical observation collapses them.
59,doi:10.1161/circheartfailure.116.003146,Multistate Model to Predict Heart Failure Hospitalizations and All-Cause Mortality in Outpatients With Heart Failure With Reduced Ejection Fraction,2016,Circulation: Heart Failure,https://doi.org/10.1161/circheartfailure.116.003146,Addresses tactile and force prediction or a neighboring robotics mechanism.,"Prior work usually predicts, ranks, filters, or imitates observed behavior rather than preserving unrealized branches.",The observed outcome is enough to supervise the model.,"Contact mode support, embodiment limits, and deployment perturbations.","Branch collapse, hidden-mode shift, and tail-risk planning failures.",Generic world models and generic uncertainty are crowded.,Micro slip precontact prediction keeps action-critical alternatives explicit until a physical observation collapses them.
60,doi:10.1002/adrr.202500091,UTact: Underwater Vision‐Based Tactile Sensor with Geometry Reconstruction and Contact Force Estimation,2025,Advanced Robotics Research,https://doi.org/10.1002/adrr.202500091,Addresses tactile and force prediction or a neighboring robotics mechanism.,"Prior work usually predicts, ranks, filters, or imitates observed behavior rather than preserving unrealized branches.",The observed outcome is enough to supervise the model.,"Contact mode support, embodiment limits, and deployment perturbations.","Branch collapse, hidden-mode shift, and tail-risk planning failures.",Generic world models and generic uncertainty are crowded.,Micro slip precontact prediction keeps action-critical alternatives explicit until a physical observation collapses them.
61,doi:10.1109/tbdata.2025.3536922,Large Language Model-Informed ECG Dual Attention Network for Heart Failure Risk Prediction,2025,IEEE Transactions on Big Data,https://doi.org/10.1109/tbdata.2025.3536922,Addresses tactile and force prediction or a neighboring robotics mechanism.,"Prior work usually predicts, ranks, filters, or imitates observed behavior rather than preserving unrealized branches.",The observed outcome is enough to supervise the model.,"Contact mode support, embodiment limits, and deployment perturbations.","Branch collapse, hidden-mode shift, and tail-risk planning failures.",Generic world models and generic uncertainty are crowded.,Micro slip precontact prediction keeps action-critical alternatives explicit until a physical observation collapses them.
62,doi:10.1109/lra.2019.2930477,Effective Estimation of Contact Force and Torque for Vision-Based Tactile Sensors With Helmholtz–Hodge Decomposition,2019,IEEE Robotics and Automation Letters,https://doi.org/10.1109/lra.2019.2930477,Addresses tactile and force prediction or a neighboring robotics mechanism.,"Prior work usually predicts, ranks, filters, or imitates observed behavior rather than preserving unrealized branches.",The observed outcome is enough to supervise the model.,"Contact mode support, embodiment limits, and deployment perturbations.","Branch collapse, hidden-mode shift, and tail-risk planning failures.",Generic world models and generic uncertainty are crowded.,Micro slip precontact prediction keeps action-critical alternatives explicit until a physical observation collapses them.
63,doi:10.1016/j.sna.2019.07.007,Recent advances in non-contact force sensors used for micro/nano manipulation,2019,Sensors and Actuators A: Physical,https://doi.org/10.1016/j.sna.2019.07.007,Addresses tactile and force prediction or a neighboring robotics mechanism.,"Prior work usually predicts, ranks, filters, or imitates observed behavior rather than preserving unrealized branches.",The observed outcome is enough to supervise the model.,"Contact mode support, embodiment limits, and deployment perturbations.","Branch collapse, hidden-mode shift, and tail-risk planning failures.",Generic world models and generic uncertainty are crowded.,Micro slip precontact prediction keeps action-critical alternatives explicit until a physical observation collapses them.
64,doi:10.1109/icra57147.2024.10611504,Tactile Estimation of Extrinsic Contact Patch for Stable Placement,2024,2024 IEEE International Conference on Robotics and Automation (ICRA),https://doi.org/10.1109/icra57147.2024.10611504,Addresses tactile and force prediction or a neighboring robotics mechanism.,"Prior work usually predicts, ranks, filters, or imitates observed behavior rather than preserving unrealized branches.",The observed outcome is enough to supervise the model.,"Contact mode support, embodiment limits, and deployment perturbations.","Branch collapse, hidden-mode shift, and tail-risk planning failures.",Generic world models and generic uncertainty are crowded.,Micro slip precontact prediction keeps action-critical alternatives explicit until a physical observation collapses them.
65,doi:10.3389/frobt.2024.1320261,Modeling of slip rate-dependent traversability for path planning of wheeled mobile robot in sandy terrain,2024,Frontiers in Robotics and AI,https://doi.org/10.3389/frobt.2024.1320261,Addresses tactile and force prediction or a neighboring robotics mechanism.,"Prior work usually predicts, ranks, filters, or imitates observed behavior rather than preserving unrealized branches.",The observed outcome is enough to supervise the model.,"Contact mode support, embodiment limits, and deployment perturbations.","Branch collapse, hidden-mode shift, and tail-risk planning failures.",Generic world models and generic uncertainty are crowded.,Micro slip precontact prediction keeps action-critical alternatives explicit until a physical observation collapses them.
66,doi:10.3390/robotics10010032,Adaptive Position/Force Control of a Robotic Manipulator in Contact with a Flexible and Uncertain Environment,2021,Robotics,https://doi.org/10.3390/robotics10010032,Addresses tactile and force prediction or a neighboring robotics mechanism.,"Prior work usually predicts, ranks, filters, or imitates observed behavior rather than preserving unrealized branches.",The observed outcome is enough to supervise the model.,"Contact mode support, embodiment limits, and deployment perturbations.","Branch collapse, hidden-mode shift, and tail-risk planning failures.",Generic world models and generic uncertainty are crowded.,Micro slip precontact prediction keeps action-critical alternatives explicit until a physical observation collapses them.
67,doi:10.1109/marss61851.2024.10612705,Vision-Based Fast Parameter Identification in Cell Membrane Force Model for Microinjection Micro-force Sensing,2024,"2024 International Conference on Manipulation, Automation and Robotics at Small Scales (MARSS)",https://doi.org/10.1109/marss61851.2024.10612705,Addresses tactile and force prediction or a neighboring robotics mechanism.,"Prior work usually predicts, ranks, filters, or imitates observed behavior rather than preserving unrealized branches.",The observed outcome is enough to supervise the model.,"Contact mode support, embodiment limits, and deployment perturbations.","Branch collapse, hidden-mode shift, and tail-risk planning failures.",Generic world models and generic uncertainty are crowded.,Micro slip precontact prediction keeps action-critical alternatives explicit until a physical observation collapses them.
68,doi:10.1109/lra.2021.3139675,Unified Method for Task-Space Motion/Force/Impedance Control of Manipulator With Unknown Contact Reaction Strategy,2022,IEEE Robotics and Automation Letters,https://doi.org/10.1109/lra.2021.3139675,Addresses tactile and force prediction or a neighboring robotics mechanism.,"Prior work usually predicts, ranks, filters, or imitates observed behavior rather than preserving unrealized branches.",The observed outcome is enough to supervise the model.,"Contact mode support, embodiment limits, and deployment perturbations.","Branch collapse, hidden-mode shift, and tail-risk planning failures.",Generic world models and generic uncertainty are crowded.,Micro slip precontact prediction keeps action-critical alternatives explicit until a physical observation collapses them.
69,doi:10.3389/frobt.2022.913930,An automatic drug injection device with spatial micro-force perception guided by an microscopic image for robot-assisted ophthalmic surgery,2022,Frontiers in Robotics and AI,https://doi.org/10.3389/frobt.2022.913930,Addresses tactile and force prediction or a neighboring robotics mechanism.,"Prior work usually predicts, ranks, filters, or imitates observed behavior rather than preserving unrealized branches.",The observed outcome is enough to supervise the model.,"Contact mode support, embodiment limits, and deployment perturbations.","Branch collapse, hidden-mode shift, and tail-risk planning failures.",Generic world models and generic uncertainty are crowded.,Micro slip precontact prediction keeps action-critical alternatives explicit until a physical observation collapses them.
70,doi:10.3389/frobt.2021.631371,A Deep Learning Method for Vision Based Force Prediction of a Soft Fin Ray Gripper Using Simulation Data,2021,Frontiers in Robotics and AI,https://doi.org/10.3389/frobt.2021.631371,Addresses tactile and force prediction or a neighboring robotics mechanism.,"Prior work usually predicts, ranks, filters, or imitates observed behavior rather than preserving unrealized branches.",The observed outcome is enough to supervise the model.,"Contact mode support, embodiment limits, and deployment perturbations.","Branch collapse, hidden-mode shift, and tail-risk planning failures.",Generic world models and generic uncertainty are crowded.,Micro slip precontact prediction keeps action-critical alternatives explicit until a physical observation collapses them.
71,doi:10.3389/fgene.2025.1641162,HyenaCircle: a HyenaDNA-based pretrained large language model for long eccDNA prediction,2025,Frontiers in Genetics,https://doi.org/10.3389/fgene.2025.1641162,Addresses tactile and force prediction or a neighboring robotics mechanism.,"Prior work usually predicts, ranks, filters, or imitates observed behavior rather than preserving unrealized branches.",The observed outcome is enough to supervise the model.,"Contact mode support, embodiment limits, and deployment perturbations.","Branch collapse, hidden-mode shift, and tail-risk planning failures.",Generic world models and generic uncertainty are crowded.,Micro slip precontact prediction keeps action-critical alternatives explicit until a physical observation collapses them.
72,doi:10.1016/j.isatra.2018.12.031,Stable force control and contact transition of a single link flexible robot using a fractional-order controller,2019,ISA Transactions,https://doi.org/10.1016/j.isatra.2018.12.031,Addresses tactile and force prediction or a neighboring robotics mechanism.,"Prior work usually predicts, ranks, filters, or imitates observed behavior rather than preserving unrealized branches.",The observed outcome is enough to supervise the model.,"Contact mode support, embodiment limits, and deployment perturbations.","Branch collapse, hidden-mode shift, and tail-risk planning failures.",Generic world models and generic uncertainty are crowded.,Micro slip precontact prediction keeps action-critical alternatives explicit until a physical observation collapses them.
73,doi:10.15607/rss.2022.xviii.070,Action Conditioned Tactile Prediction: case study on slip prediction,2022,Robotics: Science and Systems XVIII,https://doi.org/10.15607/rss.2022.xviii.070,Addresses tactile and force prediction or a neighboring robotics mechanism.,"Prior work usually predicts, ranks, filters, or imitates observed behavior rather than preserving unrealized branches.",The observed outcome is enough to supervise the model.,"Contact mode support, embodiment limits, and deployment perturbations.","Branch collapse, hidden-mode shift, and tail-risk planning failures.",Generic world models and generic uncertainty are crowded.,Micro slip precontact prediction keeps action-critical alternatives explicit until a physical observation collapses them.
74,doi:10.1109/lra.2021.3061378,"Visiflex: A Low-Cost Compliant Tactile Fingertip for Force, Torque, and Contact Sensing",2021,IEEE Robotics and Automation Letters,https://doi.org/10.1109/lra.2021.3061378,Addresses tactile and force prediction or a neighboring robotics mechanism.,"Prior work usually predicts, ranks, filters, or imitates observed behavior rather than preserving unrealized branches.",The observed outcome is enough to supervise the model.,"Contact mode support, embodiment limits, and deployment perturbations.","Branch collapse, hidden-mode shift, and tail-risk planning failures.",Generic world models and generic uncertainty are crowded.,Micro slip precontact prediction keeps action-critical alternatives explicit until a physical observation collapses them.
75,doi:10.1016/j.engfailanal.2023.107719,A decay prediction model to minimise the risk of failure in timber balconies,2024,Engineering Failure Analysis,https://doi.org/10.1016/j.engfailanal.2023.107719,Addresses tactile and force prediction or a neighboring robotics mechanism.,"Prior work usually predicts, ranks, filters, or imitates observed behavior rather than preserving unrealized branches.",The observed outcome is enough to supervise the model.,"Contact mode support, embodiment limits, and deployment perturbations.","Branch collapse, hidden-mode shift, and tail-risk planning failures.",Generic world models and generic uncertainty are crowded.,Micro slip precontact prediction keeps action-critical alternatives explicit until a physical observation collapses them.
76,doi:10.1109/lra.2025.3568616,Tactile Sensor-Based Estimation of Grasp Force and Contact State With Soft Fingers,2025,IEEE Robotics and Automation Letters,https://doi.org/10.1109/lra.2025.3568616,Addresses tactile and force prediction or a neighboring robotics mechanism.,"Prior work usually predicts, ranks, filters, or imitates observed behavior rather than preserving unrealized branches.",The observed outcome is enough to supervise the model.,"Contact mode support, embodiment limits, and deployment perturbations.","Branch collapse, hidden-mode shift, and tail-risk planning failures.",Generic world models and generic uncertainty are crowded.,Micro slip precontact prediction keeps action-critical alternatives explicit until a physical observation collapses them.
77,doi:10.1109/jsen.2025.3547369,Lightweight Knowledge Distillation-Based Surrogate Model for Wheel–Rail Dynamic Contact Force Prediction Using Hybrid CNN–LSTM–Transformer Networks,2025,IEEE Sensors Journal,https://doi.org/10.1109/jsen.2025.3547369,Addresses tactile and force prediction or a neighboring robotics mechanism.,"Prior work usually predicts, ranks, filters, or imitates observed behavior rather than preserving unrealized branches.",The observed outcome is enough to supervise the model.,"Contact mode support, embodiment limits, and deployment perturbations.","Branch collapse, hidden-mode shift, and tail-risk planning failures.",Generic world models and generic uncertainty are crowded.,Micro slip precontact prediction keeps action-critical alternatives explicit until a physical observation collapses them.
78,doi:10.64898/2025.12.03.25341576,GENPHIRE: Enhancing Disease Risk Prediction Using Large Language Model,,,https://doi.org/10.64898/2025.12.03.25341576,Addresses tactile and force prediction or a neighboring robotics mechanism.,"Prior work usually predicts, ranks, filters, or imitates observed behavior rather than preserving unrealized branches.",The observed outcome is enough to supervise the model.,"Contact mode support, embodiment limits, and deployment perturbations.","Branch collapse, hidden-mode shift, and tail-risk planning failures.",Generic world models and generic uncertainty are crowded.,Micro slip precontact prediction keeps action-critical alternatives explicit until a physical observation collapses them.
79,doi:10.1177/21695172251388226,Simultaneous Estimation of Shape and Body Contact Force for Continuum Robots Under Mixed External Geometric Constraints,2026,Soft Robotics,https://doi.org/10.1177/21695172251388226,Addresses tactile and force prediction or a neighboring robotics mechanism.,"Prior work usually predicts, ranks, filters, or imitates observed behavior rather than preserving unrealized branches.",The observed outcome is enough to supervise the model.,"Contact mode support, embodiment limits, and deployment perturbations.","Branch collapse, hidden-mode shift, and tail-risk planning failures.",Generic world models and generic uncertainty are crowded.,Micro slip precontact prediction keeps action-critical alternatives explicit until a physical observation collapses them.
80,doi:10.1080/0886022x.2024.2324071,Machine learning model and nomogram to predict the risk of heart failure hospitalization in peritoneal dialysis patients,2024,Renal Failure,https://doi.org/10.1080/0886022x.2024.2324071,Addresses tactile and force prediction or a neighboring robotics mechanism.,"Prior work usually predicts, ranks, filters, or imitates observed behavior rather than preserving unrealized branches.",The observed outcome is enough to supervise the model.,"Contact mode support, embodiment limits, and deployment perturbations.","Branch collapse, hidden-mode shift, and tail-risk planning failures.",Generic world models and generic uncertainty are crowded.,Micro slip precontact prediction keeps action-critical alternatives explicit until a physical observation collapses them.
81,doi:10.1017/s0263574704001535,An Experimental Optical Three-axis Tactile Sensor for Micro-Robots,2005,Robotica,https://doi.org/10.1017/s0263574704001535,Addresses tactile and force prediction or a neighboring robotics mechanism.,"Prior work usually predicts, ranks, filters, or imitates observed behavior rather than preserving unrealized branches.",The observed outcome is enough to supervise the model.,"Contact mode support, embodiment limits, and deployment perturbations.","Branch collapse, hidden-mode shift, and tail-risk planning failures.",Generic world models and generic uncertainty are crowded.,Micro slip precontact prediction keeps action-critical alternatives explicit until a physical observation collapses them.
82,doi:10.1109/robosoft55895.2023.10121967,"Soft Continuum Actuator Tip Position and Contact Force Prediction, Using Electrical Impedance Tomography and Recurrent Neural Networks",2023,2023 IEEE International Conference on Soft Robotics (RoboSoft),https://doi.org/10.1109/robosoft55895.2023.10121967,Addresses tactile and force prediction or a neighboring robotics mechanism.,"Prior work usually predicts, ranks, filters, or imitates observed behavior rather than preserving unrealized branches.",The observed outcome is enough to supervise the model.,"Contact mode support, embodiment limits, and deployment perturbations.","Branch collapse, hidden-mode shift, and tail-risk planning failures.",Generic world models and generic uncertainty are crowded.,Micro slip precontact prediction keeps action-critical alternatives explicit until a physical observation collapses them.
83,doi:10.3390/machines10090720,Risk Assessment Model-Guided Configuration Optimization for Free-Floating Space Robot Performing Contact Task,2022,Machines,https://doi.org/10.3390/machines10090720,Addresses tactile and force prediction or a neighboring robotics mechanism.,"Prior work usually predicts, ranks, filters, or imitates observed behavior rather than preserving unrealized branches.",The observed outcome is enough to supervise the model.,"Contact mode support, embodiment limits, and deployment perturbations.","Branch collapse, hidden-mode shift, and tail-risk planning failures.",Generic world models and generic uncertainty are crowded.,Micro slip precontact prediction keeps action-critical alternatives explicit until a physical observation collapses them.
84,arxiv:2606.09337v2,TORL-VLA: Tactile Guided Online Reinforcement Learning for Contact-Rich Manipulation,2026,arXiv,http://arxiv.org/abs/2606.09337v2,Addresses tactile and force prediction or a neighboring robotics mechanism.,"Prior work usually predicts, ranks, filters, or imitates observed behavior rather than preserving unrealized branches.",The observed outcome is enough to supervise the model.,"Contact mode support, embodiment limits, and deployment perturbations.","Branch collapse, hidden-mode shift, and tail-risk planning failures.",Generic world models and generic uncertainty are crowded.,Micro slip precontact prediction keeps action-critical alternatives explicit until a physical observation collapses them.
85,arxiv:2602.12532v1,CRAFT: Adapting VLA Models to Contact-rich Manipulation via Force-aware Curriculum Fine-tuning,2026,arXiv,http://arxiv.org/abs/2602.12532v1,Addresses tactile and force prediction or a neighboring robotics mechanism.,"Prior work usually predicts, ranks, filters, or imitates observed behavior rather than preserving unrealized branches.",The observed outcome is enough to supervise the model.,"Contact mode support, embodiment limits, and deployment perturbations.","Branch collapse, hidden-mode shift, and tail-risk planning failures.",Generic world models and generic uncertainty are crowded.,Micro slip precontact prediction keeps action-critical alternatives explicit until a physical observation collapses them.
86,arxiv:2602.23648v1,FAVLA: A Force-Adaptive Fast-Slow VLA model for Contact-Rich Robotic Manipulation,2026,arXiv,http://arxiv.org/abs/2602.23648v1,Addresses tactile and force prediction or a neighboring robotics mechanism.,"Prior work usually predicts, ranks, filters, or imitates observed behavior rather than preserving unrealized branches.",The observed outcome is enough to supervise the model.,"Contact mode support, embodiment limits, and deployment perturbations.","Branch collapse, hidden-mode shift, and tail-risk planning failures.",Generic world models and generic uncertainty are crowded.,Micro slip precontact prediction keeps action-critical alternatives explicit until a physical observation collapses them.
87,doi:10.1109/icra55743.2025.11127723,FeelAnyForce: Estimating Contact Force Feedback from Tactile Sensation for Vision-Based Tactile Sensors,2025,2025 IEEE International Conference on Robotics and Automation (ICRA),https://doi.org/10.1109/icra55743.2025.11127723,Addresses tactile and force prediction or a neighboring robotics mechanism.,"Prior work usually predicts, ranks, filters, or imitates observed behavior rather than preserving unrealized branches.",The observed outcome is enough to supervise the model.,"Contact mode support, embodiment limits, and deployment perturbations.","Branch collapse, hidden-mode shift, and tail-risk planning failures.",Generic world models and generic uncertainty are crowded.,Micro slip precontact prediction keeps action-critical alternatives explicit until a physical observation collapses them.
88,doi:10.1109/lra.2025.3604723,Learning-Based Slip Detection and Fine Control Using the Tactile Sensor for Robot Stable Grasping,2025,IEEE Robotics and Automation Letters,https://doi.org/10.1109/lra.2025.3604723,Addresses tactile and force prediction or a neighboring robotics mechanism.,"Prior work usually predicts, ranks, filters, or imitates observed behavior rather than preserving unrealized branches.",The observed outcome is enough to supervise the model.,"Contact mode support, embodiment limits, and deployment perturbations.","Branch collapse, hidden-mode shift, and tail-risk planning failures.",Generic world models and generic uncertainty are crowded.,Micro slip precontact prediction keeps action-critical alternatives explicit until a physical observation collapses them.
89,doi:10.1109/lra.2026.3662618,FORTE: Tactile Force and Slip Sensing on Compliant Fingers for Delicate Manipulation,2026,IEEE Robotics and Automation Letters,https://doi.org/10.1109/lra.2026.3662618,Addresses tactile and force prediction or a neighboring robotics mechanism.,"Prior work usually predicts, ranks, filters, or imitates observed behavior rather than preserving unrealized branches.",The observed outcome is enough to supervise the model.,"Contact mode support, embodiment limits, and deployment perturbations.","Branch collapse, hidden-mode shift, and tail-risk planning failures.",Generic world models and generic uncertainty are crowded.,Micro slip precontact prediction keeps action-critical alternatives explicit until a physical observation collapses them.
90,doi:10.1080/01691864.2018.1525075,Stable impact and contact force control by UAV for inspection of floor slab of bridge,2018,Advanced Robotics,https://doi.org/10.1080/01691864.2018.1525075,Addresses tactile and force prediction or a neighboring robotics mechanism.,"Prior work usually predicts, ranks, filters, or imitates observed behavior rather than preserving unrealized branches.",The observed outcome is enough to supervise the model.,"Contact mode support, embodiment limits, and deployment perturbations.","Branch collapse, hidden-mode shift, and tail-risk planning failures.",Generic world models and generic uncertainty are crowded.,Micro slip precontact prediction keeps action-critical alternatives explicit until a physical observation collapses them.
91,doi:10.1007/s41315-022-00260-0,Development of robotic hand tactile sensing system for distributed contact force sensing in robotic dexterous multimodal grasping,2022,International Journal of Intelligent Robotics and Applications,https://doi.org/10.1007/s41315-022-00260-0,Addresses tactile and force prediction or a neighboring robotics mechanism.,"Prior work usually predicts, ranks, filters, or imitates observed behavior rather than preserving unrealized branches.",The observed outcome is enough to supervise the model.,"Contact mode support, embodiment limits, and deployment perturbations.","Branch collapse, hidden-mode shift, and tail-risk planning failures.",Generic world models and generic uncertainty are crowded.,Micro slip precontact prediction keeps action-critical alternatives explicit until a physical observation collapses them.
92,doi:10.1109/access.2020.3039789,Surrounding Vehicles Motion Prediction for Risk Assessment and Motion Planning of Autonomous Vehicle in Highway Scenarios,2020,IEEE Access,https://doi.org/10.1109/access.2020.3039789,Addresses tactile and force prediction or a neighboring robotics mechanism.,"Prior work usually predicts, ranks, filters, or imitates observed behavior rather than preserving unrealized branches.",The observed outcome is enough to supervise the model.,"Contact mode support, embodiment limits, and deployment perturbations.","Branch collapse, hidden-mode shift, and tail-risk planning failures.",Generic world models and generic uncertainty are crowded.,Micro slip precontact prediction keeps action-critical alternatives explicit until a physical observation collapses them.
93,doi:10.1109/3516.914388,Intrinsic tactile sensing for the optimization of force distribution in a pipe crawling robot,2001,IEEE/ASME Transactions on Mechatronics,https://doi.org/10.1109/3516.914388,Addresses tactile and force prediction or a neighboring robotics mechanism.,"Prior work usually predicts, ranks, filters, or imitates observed behavior rather than preserving unrealized branches.",The observed outcome is enough to supervise the model.,"Contact mode support, embodiment limits, and deployment perturbations.","Branch collapse, hidden-mode shift, and tail-risk planning failures.",Generic world models and generic uncertainty are crowded.,Micro slip precontact prediction keeps action-critical alternatives explicit until a physical observation collapses them.
94,doi:10.18196/jrc.v6i1.22258,Advancements in Artificial Intelligence Techniques for Diabetes Prediction: A Comprehensive Literature Review,2025,Journal of Robotics and Control (JRC),https://doi.org/10.18196/jrc.v6i1.22258,Addresses tactile and force prediction or a neighboring robotics mechanism.,"Prior work usually predicts, ranks, filters, or imitates observed behavior rather than preserving unrealized branches.",The observed outcome is enough to supervise the model.,"Contact mode support, embodiment limits, and deployment perturbations.","Branch collapse, hidden-mode shift, and tail-risk planning failures.",Generic world models and generic uncertainty are crowded.,Micro slip precontact prediction keeps action-critical alternatives explicit until a physical observation collapses them.
95,doi:10.1109/tro.2020.3005547,Jerk Control of Floating Base Systems With Contact-Stable Parameterized Force Feedback,2021,IEEE Transactions on Robotics,https://doi.org/10.1109/tro.2020.3005547,Addresses tactile and force prediction or a neighboring robotics mechanism.,"Prior work usually predicts, ranks, filters, or imitates observed behavior rather than preserving unrealized branches.",The observed outcome is enough to supervise the model.,"Contact mode support, embodiment limits, and deployment perturbations.","Branch collapse, hidden-mode shift, and tail-risk planning failures.",Generic world models and generic uncertainty are crowded.,Micro slip precontact prediction keeps action-critical alternatives explicit until a physical observation collapses them.
96,doi:10.1007/s13369-022-06763-z,Contact Wrench Cone-Based Stable Gait Generation and Contact Slip Estimation of a 12-DoF Biped Robot,2022,Arabian Journal for Science and Engineering,https://doi.org/10.1007/s13369-022-06763-z,Addresses tactile and force prediction or a neighboring robotics mechanism.,"Prior work usually predicts, ranks, filters, or imitates observed behavior rather than preserving unrealized branches.",The observed outcome is enough to supervise the model.,"Contact mode support, embodiment limits, and deployment perturbations.","Branch collapse, hidden-mode shift, and tail-risk planning failures.",Generic world models and generic uncertainty are crowded.,Micro slip precontact prediction keeps action-critical alternatives explicit until a physical observation collapses them.
97,doi:10.1109/tmech.2023.3276220,Force Control of a Grinding Robotic Manipulator With Floating Base Via Model Prediction Optimization Control,2023,IEEE/ASME Transactions on Mechatronics,https://doi.org/10.1109/tmech.2023.3276220,Addresses tactile and force prediction or a neighboring robotics mechanism.,"Prior work usually predicts, ranks, filters, or imitates observed behavior rather than preserving unrealized branches.",The observed outcome is enough to supervise the model.,"Contact mode support, embodiment limits, and deployment perturbations.","Branch collapse, hidden-mode shift, and tail-risk planning failures.",Generic world models and generic uncertainty are crowded.,Micro slip precontact prediction keeps action-critical alternatives explicit until a physical observation collapses them.
98,doi:10.21203/rs.3.rs-9728440/v1,Trustworthy LLM-Embedding Clinical Prediction: Calibrating Confidence and Transparency for Foundation Model-Based Disease Risk Scores,,,https://doi.org/10.21203/rs.3.rs-9728440/v1,Addresses tactile and force prediction or a neighboring robotics mechanism.,"Prior work usually predicts, ranks, filters, or imitates observed behavior rather than preserving unrealized branches.",The observed outcome is enough to supervise the model.,"Contact mode support, embodiment limits, and deployment perturbations.","Branch collapse, hidden-mode shift, and tail-risk planning failures.",Generic world models and generic uncertainty are crowded.,Micro slip precontact prediction keeps action-critical alternatives explicit until a physical observation collapses them.
99,doi:10.1080/00423114.2025.2606345,Real-time prediction of high-speed rail pantograph-catenary contact force using deep learning framework,2026,Vehicle System Dynamics,https://doi.org/10.1080/00423114.2025.2606345,Addresses tactile and force prediction or a neighboring robotics mechanism.,"Prior work usually predicts, ranks, filters, or imitates observed behavior rather than preserving unrealized branches.",The observed outcome is enough to supervise the model.,"Contact mode support, embodiment limits, and deployment perturbations.","Branch collapse, hidden-mode shift, and tail-risk planning failures.",Generic world models and generic uncertainty are crowded.,Micro slip precontact prediction keeps action-critical alternatives explicit until a physical observation collapses them.
100,doi:10.1007/s41315-025-00494-8,Application of robot stable contact force control in wall grinding within the construction field,2026,International Journal of Intelligent Robotics and Applications,https://doi.org/10.1007/s41315-025-00494-8,Addresses tactile and force prediction or a neighboring robotics mechanism.,"Prior work usually predicts, ranks, filters, or imitates observed behavior rather than preserving unrealized branches.",The observed outcome is enough to supervise the model.,"Contact mode support, embodiment limits, and deployment perturbations.","Branch collapse, hidden-mode shift, and tail-risk planning failures.",Generic world models and generic uncertainty are crowded.,Micro slip precontact prediction keeps action-critical alternatives explicit until a physical observation collapses them.
